tv,bmi
0.5,22.6276601
1,17.90505934
1.5,24.43044745
2,17.75773066
2.5,18.77771889
3,27.27323412
3.5,21.78279243
4,26.54282413
4.5,23.58260182
5,22.36989784
5.5,25.26728631
6,30.12399119
6.5,31.84961048
7,32.37671245
7.5,25.3252365
8,26.7261149
