tv,bmi
4,18.43084177
4.066666667,24.43646988
4.133333333,24.57700289
4.2,26.94411026
4.266666667,19.74227493
4.333333333,24.49480646
4.4,27.0440599
4.466666667,28.00737375
4.533333333,19.07929417
4.6,22.56184978
4.666666667,26.72520813
4.733333333,30.22440763
4.8,28.26261979
4.866666667,23.27622699
4.933333333,26.0941452
5,25.54777742
