tv,bmi
2,17.75773066
4,26.54282413
6,30.12399119
8,26.7261149
